Comprador,Ventas,Fecha
Comprador 1,5,2013-03-07
Comprador 2,3,2013-03-07
Comprador 3,5,2013-03-07
Comprador 4,10,2013-03-07
Comprador 5,1,2013-03-07
Comprador 1,5,2013-03-14
Comprador 2,2,2013-03-14
Comprador 3,1,2013-03-14
Comprador 4,1,2013-03-14
Comprador 5,3,2013-03-14
Comprador 1,2,2013-03-21
Comprador 2,3,2013-03-21
Comprador 3,2,2013-03-21
Comprador 4,5,2013-03-21
Comprador 5,2,2013-03-21
Comprador 1,9,2013-03-28
Comprador 2,5,2013-03-28
Comprador 3,10,2013-03-28
Comprador 4,2,2013-03-28
Comprador 5,2,2013-03-28
Comprador 1,10,2013-04-04
Comprador 2,6,2013-04-04
Comprador 3,5,2013-04-04
Comprador 4,5,2013-04-04
Comprador 5,5,2013-04-04
Comprador 1,6,2013-04-11
Comprador 2,3,2013-04-11
Comprador 3,2,2013-04-11
Comprador 4,5,2013-04-11
Comprador 5,4,2013-04-11
Comprador 1,8,2013-04-18
Comprador 2,1,2013-04-18
Comprador 3,4,2013-04-18
Comprador 4,2,2013-04-18
Comprador 5,3,2013-04-18
Comprador 1,8,2013-04-25
Comprador 2,2,2013-04-25
Comprador 3,10,2013-04-25
Comprador 4,10,2013-04-25
Comprador 5,9,2013-04-25
Comprador 1,6,2013-05-02
Comprador 2,7,2013-05-02
Comprador 3,9,2013-05-02
Comprador 4,10,2013-05-02
Comprador 5,6,2013-05-02
Comprador 1,2,2013-05-09
Comprador 2,2,2013-05-09
Comprador 3,4,2013-05-09
Comprador 4,2,2013-05-09
Comprador 5,10,2013-05-09
Comprador 1,2,2013-05-16
Comprador 2,5,2013-05-16
Comprador 3,6,2013-05-16
Comprador 4,8,2013-05-16
Comprador 5,8,2013-05-16
Comprador 1,4,2013-05-23
Comprador 2,1,2013-05-23
Comprador 3,4,2013-05-23
Comprador 4,6,2013-05-23
Comprador 5,2,2013-05-23
Comprador 1,9,2013-05-30
Comprador 2,6,2013-05-30
Comprador 3,9,2013-05-30
Comprador 4,4,2013-05-30
Comprador 5,1,2013-05-30
Comprador 1,3,2013-06-06
Comprador 2,6,2013-06-06
Comprador 3,7,2013-06-06
Comprador 4,7,2013-06-06
Comprador 5,4,2013-06-06
Comprador 1,1,2013-06-13
Comprador 2,1,2013-06-13
Comprador 3,1,2013-06-13
Comprador 4,5,2013-06-13
Comprador 5,9,2013-06-13
Comprador 1,3,2013-06-20
Comprador 2,6,2013-06-20
Comprador 3,8,2013-06-20
Comprador 4,3,2013-06-20
Comprador 5,7,2013-06-20
Comprador 1,2,2013-06-27
Comprador 2,5,2013-06-27
Comprador 3,2,2013-06-27
Comprador 4,2,2013-06-27
Comprador 5,2,2013-06-27
Comprador 1,2,2013-07-04
Comprador 2,10,2013-07-04
Comprador 3,5,2013-07-04
Comprador 4,2,2013-07-04
Comprador 5,6,2013-07-04
Comprador 1,3,2013-07-11
Comprador 2,5,2013-07-11
Comprador 3,7,2013-07-11
Comprador 4,7,2013-07-11
Comprador 5,9,2013-07-11
Comprador 1,10,2013-07-18
Comprador 2,5,2013-07-18
Comprador 3,1,2013-07-18
Comprador 4,8,2013-07-18
Comprador 5,6,2013-07-18
Comprador 1,5,2013-07-25
Comprador 2,7,2013-07-25
Comprador 3,6,2013-07-25
Comprador 4,2,2013-07-25
Comprador 5,7,2013-07-25
Comprador 1,1,2013-08-01
Comprador 2,8,2013-08-01
Comprador 3,6,2013-08-01
Comprador 4,9,2013-08-01
Comprador 5,1,2013-08-01
Comprador 1,10,2013-08-08
Comprador 2,2,2013-08-08
Comprador 3,7,2013-08-08
Comprador 4,3,2013-08-08
Comprador 5,9,2013-08-08
Comprador 1,5,2013-08-15
Comprador 2,4,2013-08-15
Comprador 3,8,2013-08-15
Comprador 4,2,2013-08-15
Comprador 5,5,2013-08-15
Comprador 1,2,2013-08-22
Comprador 2,8,2013-08-22
Comprador 3,8,2013-08-22
Comprador 4,8,2013-08-22
Comprador 5,5,2013-08-22
Comprador 1,4,2013-08-29
Comprador 2,3,2013-08-29
Comprador 3,6,2013-08-29
Comprador 4,9,2013-08-29
Comprador 5,5,2013-08-29
Comprador 1,10,2013-09-05
Comprador 2,9,2013-09-05
Comprador 3,1,2013-09-05
Comprador 4,8,2013-09-05
Comprador 5,8,2013-09-05
Comprador 1,3,2013-09-12
Comprador 2,5,2013-09-12
Comprador 3,4,2013-09-12
Comprador 4,10,2013-09-12
Comprador 5,9,2013-09-12
Comprador 1,7,2013-09-19
Comprador 2,3,2013-09-19
Comprador 3,9,2013-09-19
Comprador 4,8,2013-09-19
Comprador 5,9,2013-09-19
Comprador 1,7,2013-09-26
Comprador 2,3,2013-09-26
Comprador 3,6,2013-09-26
Comprador 4,4,2013-09-26
Comprador 5,5,2013-09-26
Comprador 1,5,2013-10-03
Comprador 2,1,2013-10-03
Comprador 3,10,2013-10-03
Comprador 4,6,2013-10-03
Comprador 5,7,2013-10-03
Comprador 1,2,2013-10-10
Comprador 2,5,2013-10-10
Comprador 3,4,2013-10-10
Comprador 4,6,2013-10-10
Comprador 5,8,2013-10-10
Comprador 1,2,2013-10-17
Comprador 2,3,2013-10-17
Comprador 3,7,2013-10-17
Comprador 4,2,2013-10-17
Comprador 5,5,2013-10-17
Comprador 1,7,2013-10-24
Comprador 2,5,2013-10-24
Comprador 3,5,2013-10-24
Comprador 4,8,2013-10-24
Comprador 5,10,2013-10-24
Comprador 1,10,2013-10-31
Comprador 2,8,2013-10-31
Comprador 3,10,2013-10-31
Comprador 4,2,2013-10-31
Comprador 5,7,2013-10-31
Comprador 1,4,2013-11-07
Comprador 2,2,2013-11-07
Comprador 3,10,2013-11-07
Comprador 4,6,2013-11-07
Comprador 5,2,2013-11-07
Comprador 1,10,2013-11-14
Comprador 2,5,2013-11-14
Comprador 3,10,2013-11-14
Comprador 4,5,2013-11-14
Comprador 5,7,2013-11-14
Comprador 1,8,2013-11-21
Comprador 2,1,2013-11-21
Comprador 3,3,2013-11-21
Comprador 4,5,2013-11-21
Comprador 5,1,2013-11-21
Comprador 1,3,2013-11-28
Comprador 2,7,2013-11-28
Comprador 3,3,2013-11-28
Comprador 4,4,2013-11-28
Comprador 5,8,2013-11-28
Comprador 1,5,2013-12-05
Comprador 2,2,2013-12-05
Comprador 3,8,2013-12-05
Comprador 4,1,2013-12-05
Comprador 5,2,2013-12-05
Comprador 1,6,2013-12-12
Comprador 2,7,2013-12-12
Comprador 3,4,2013-12-12
Comprador 4,9,2013-12-12
Comprador 5,2,2013-12-12
Comprador 1,6,2013-12-19
Comprador 2,2,2013-12-19
Comprador 3,2,2013-12-19
Comprador 4,6,2013-12-19
Comprador 5,2,2013-12-19
Comprador 1,8,2013-12-26
Comprador 2,7,2013-12-26
Comprador 3,8,2013-12-26
Comprador 4,8,2013-12-26
Comprador 5,10,2013-12-26
Comprador 1,8,2014-01-02
Comprador 2,4,2014-01-02
Comprador 3,10,2014-01-02
Comprador 4,9,2014-01-02
Comprador 5,1,2014-01-02
Comprador 1,10,2014-01-09
Comprador 2,10,2014-01-09
Comprador 3,2,2014-01-09
Comprador 4,6,2014-01-09
Comprador 5,4,2014-01-09
Comprador 1,5,2014-01-16
Comprador 2,4,2014-01-16
Comprador 3,7,2014-01-16
Comprador 4,4,2014-01-16
Comprador 5,1,2014-01-16
Comprador 1,9,2014-01-23
Comprador 2,10,2014-01-23
Comprador 3,2,2014-01-23
Comprador 4,1,2014-01-23
Comprador 5,8,2014-01-23
Comprador 1,4,2014-01-30
Comprador 2,4,2014-01-30
Comprador 3,5,2014-01-30
Comprador 4,8,2014-01-30
Comprador 5,7,2014-01-30
Comprador 1,7,2014-02-06
Comprador 2,8,2014-02-06
Comprador 3,9,2014-02-06
Comprador 4,6,2014-02-06
Comprador 5,6,2014-02-06
Comprador 1,9,2014-02-13
Comprador 2,9,2014-02-13
Comprador 3,9,2014-02-13
Comprador 4,6,2014-02-13
Comprador 5,10,2014-02-13
Comprador 1,4,2014-02-20
Comprador 2,3,2014-02-20
Comprador 3,1,2014-02-20
Comprador 4,8,2014-02-20
Comprador 5,5,2014-02-20
Comprador 1,5,2014-02-27
Comprador 2,8,2014-02-27
Comprador 3,3,2014-02-27
Comprador 4,8,2014-02-27
Comprador 5,7,2014-02-27
Comprador 1,2,2014-03-06
Comprador 2,10,2014-03-06
Comprador 3,7,2014-03-06
Comprador 4,3,2014-03-06
Comprador 5,7,2014-03-06
Comprador 1,5,2014-03-13
Comprador 2,1,2014-03-13
Comprador 3,7,2014-03-13
Comprador 4,8,2014-03-13
Comprador 5,4,2014-03-13
Comprador 1,9,2014-03-20
Comprador 2,4,2014-03-20
Comprador 3,3,2014-03-20
Comprador 4,9,2014-03-20
Comprador 5,7,2014-03-20
Comprador 1,1,2014-03-27
Comprador 2,5,2014-03-27
Comprador 3,7,2014-03-27
Comprador 4,4,2014-03-27
Comprador 5,2,2014-03-27
Comprador 1,7,2014-04-03
Comprador 2,4,2014-04-03
Comprador 3,8,2014-04-03
Comprador 4,2,2014-04-03
Comprador 5,8,2014-04-03
Comprador 1,2,2014-04-10
Comprador 2,6,2014-04-10
Comprador 3,2,2014-04-10
Comprador 4,10,2014-04-10
Comprador 5,2,2014-04-10
Comprador 1,2,2014-04-17
Comprador 2,7,2014-04-17
Comprador 3,3,2014-04-17
Comprador 4,2,2014-04-17
Comprador 5,5,2014-04-17
Comprador 1,1,2014-04-24
Comprador 2,2,2014-04-24
Comprador 3,1,2014-04-24
Comprador 4,9,2014-04-24
Comprador 5,6,2014-04-24
Comprador 1,9,2014-05-01
Comprador 2,2,2014-05-01
Comprador 3,10,2014-05-01
Comprador 4,7,2014-05-01
Comprador 5,5,2014-05-01
Comprador 1,1,2014-05-08
Comprador 2,9,2014-05-08
Comprador 3,8,2014-05-08
Comprador 4,1,2014-05-08
Comprador 5,8,2014-05-08
Comprador 1,9,2014-05-15
Comprador 2,10,2014-05-15
Comprador 3,1,2014-05-15
Comprador 4,3,2014-05-15
Comprador 5,2,2014-05-15
Comprador 1,6,2014-05-22
Comprador 2,7,2014-05-22
Comprador 3,7,2014-05-22
Comprador 4,7,2014-05-22
Comprador 5,6,2014-05-22
Comprador 1,7,2014-05-29
Comprador 2,2,2014-05-29
Comprador 3,6,2014-05-29
Comprador 4,1,2014-05-29
Comprador 5,4,2014-05-29
Comprador 1,3,2014-06-05
Comprador 2,1,2014-06-05
Comprador 3,2,2014-06-05
Comprador 4,4,2014-06-05
Comprador 5,9,2014-06-05
Comprador 1,7,2014-06-12
Comprador 2,9,2014-06-12
Comprador 3,7,2014-06-12
Comprador 4,2,2014-06-12
Comprador 5,5,2014-06-12
Comprador 1,9,2014-06-19
Comprador 2,10,2014-06-19
Comprador 3,6,2014-06-19
Comprador 4,6,2014-06-19
Comprador 5,8,2014-06-19
Comprador 1,10,2014-06-26
Comprador 2,3,2014-06-26
Comprador 3,2,2014-06-26
Comprador 4,5,2014-06-26
Comprador 5,3,2014-06-26
Comprador 1,8,2014-07-03
Comprador 2,9,2014-07-03
Comprador 3,8,2014-07-03
Comprador 4,5,2014-07-03
Comprador 5,1,2014-07-03
Comprador 1,10,2014-07-10
Comprador 2,1,2014-07-10
Comprador 3,8,2014-07-10
Comprador 4,2,2014-07-10
Comprador 5,4,2014-07-10
Comprador 1,9,2014-07-17
Comprador 2,8,2014-07-17
Comprador 3,7,2014-07-17
Comprador 4,10,2014-07-17
Comprador 5,4,2014-07-17
Comprador 1,2,2014-07-24
Comprador 2,7,2014-07-24
Comprador 3,6,2014-07-24
Comprador 4,9,2014-07-24
Comprador 5,5,2014-07-24
Comprador 1,3,2014-07-31
Comprador 2,7,2014-07-31
Comprador 3,4,2014-07-31
Comprador 4,9,2014-07-31
Comprador 5,4,2014-07-31
Comprador 1,9,2014-08-07
Comprador 2,9,2014-08-07
Comprador 3,6,2014-08-07
Comprador 4,2,2014-08-07
Comprador 5,5,2014-08-07
Comprador 1,2,2014-08-14
Comprador 2,1,2014-08-14
Comprador 3,10,2014-08-14
Comprador 4,10,2014-08-14
Comprador 5,2,2014-08-14
Comprador 1,7,2014-08-21
Comprador 2,9,2014-08-21
Comprador 3,6,2014-08-21
Comprador 4,1,2014-08-21
Comprador 5,10,2014-08-21
Comprador 1,7,2014-08-28
Comprador 2,5,2014-08-28
Comprador 3,2,2014-08-28
Comprador 4,4,2014-08-28
Comprador 5,3,2014-08-28
Comprador 1,5,2014-09-04
Comprador 2,3,2014-09-04
Comprador 3,3,2014-09-04
Comprador 4,1,2014-09-04
Comprador 5,5,2014-09-04
Comprador 1,9,2014-09-11
Comprador 2,10,2014-09-11
Comprador 3,9,2014-09-11
Comprador 4,3,2014-09-11
Comprador 5,4,2014-09-11
Comprador 1,5,2014-09-18
Comprador 2,7,2014-09-18
Comprador 3,6,2014-09-18
Comprador 4,1,2014-09-18
Comprador 5,1,2014-09-18
Comprador 1,5,2014-09-25
Comprador 2,1,2014-09-25
Comprador 3,10,2014-09-25
Comprador 4,8,2014-09-25
Comprador 5,10,2014-09-25
Comprador 1,9,2014-10-02
Comprador 2,9,2014-10-02
Comprador 3,7,2014-10-02
Comprador 4,4,2014-10-02
Comprador 5,6,2014-10-02
Comprador 1,8,2014-10-09
Comprador 2,7,2014-10-09
Comprador 3,7,2014-10-09
Comprador 4,9,2014-10-09
Comprador 5,7,2014-10-09
Comprador 1,1,2014-10-16
Comprador 2,9,2014-10-16
Comprador 3,8,2014-10-16
Comprador 4,3,2014-10-16
Comprador 5,7,2014-10-16
Comprador 1,9,2014-10-23
Comprador 2,7,2014-10-23
Comprador 3,7,2014-10-23
Comprador 4,8,2014-10-23
Comprador 5,2,2014-10-23
Comprador 1,2,2014-10-30
Comprador 2,10,2014-10-30
Comprador 3,4,2014-10-30
Comprador 4,1,2014-10-30
Comprador 5,9,2014-10-30
Comprador 1,2,2014-11-06
Comprador 2,4,2014-11-06
Comprador 3,10,2014-11-06
Comprador 4,7,2014-11-06
Comprador 5,7,2014-11-06
Comprador 1,2,2014-11-13
Comprador 2,5,2014-11-13
Comprador 3,1,2014-11-13
Comprador 4,1,2014-11-13
Comprador 5,1,2014-11-13
Comprador 1,8,2014-11-20
Comprador 2,10,2014-11-20
Comprador 3,4,2014-11-20
Comprador 4,3,2014-11-20
Comprador 5,3,2014-11-20
Comprador 1,5,2014-11-27
Comprador 2,1,2014-11-27
Comprador 3,3,2014-11-27
Comprador 4,1,2014-11-27
Comprador 5,2,2014-11-27
Comprador 1,6,2014-12-04
Comprador 2,1,2014-12-04
Comprador 3,2,2014-12-04
Comprador 4,4,2014-12-04
Comprador 5,8,2014-12-04
Comprador 1,2,2014-12-11
Comprador 2,5,2014-12-11
Comprador 3,5,2014-12-11
Comprador 4,2,2014-12-11
Comprador 5,7,2014-12-11
Comprador 1,6,2014-12-18
Comprador 2,3,2014-12-18
Comprador 3,8,2014-12-18
Comprador 4,4,2014-12-18
Comprador 5,5,2014-12-18
Comprador 1,8,2014-12-25
Comprador 2,7,2014-12-25
Comprador 3,2,2014-12-25
Comprador 4,2,2014-12-25
Comprador 5,4,2014-12-25
Comprador 1,6,2015-01-01
Comprador 2,5,2015-01-01
Comprador 3,1,2015-01-01
Comprador 4,3,2015-01-01
Comprador 5,7,2015-01-01
Comprador 1,4,2015-01-08
Comprador 2,7,2015-01-08
Comprador 3,5,2015-01-08
Comprador 4,10,2015-01-08
Comprador 5,5,2015-01-08
Comprador 1,8,2015-01-15
Comprador 2,2,2015-01-15
Comprador 3,4,2015-01-15
Comprador 4,10,2015-01-15
Comprador 5,8,2015-01-15
Comprador 1,10,2015-01-22
Comprador 2,7,2015-01-22
Comprador 3,1,2015-01-22
Comprador 4,1,2015-01-22
Comprador 5,5,2015-01-22
Comprador 1,8,2015-01-29
Comprador 2,9,2015-01-29
Comprador 3,9,2015-01-29
Comprador 4,1,2015-01-29
Comprador 5,7,2015-01-29
Comprador 1,5,2015-02-05
Comprador 2,6,2015-02-05
Comprador 3,3,2015-02-05
Comprador 4,1,2015-02-05
Comprador 5,8,2015-02-05
Comprador 1,10,2015-02-12
Comprador 2,4,2015-02-12
Comprador 3,3,2015-02-12
Comprador 4,4,2015-02-12
Comprador 5,2,2015-02-12
Comprador 1,1,2015-02-19
Comprador 2,6,2015-02-19
Comprador 3,9,2015-02-19
Comprador 4,8,2015-02-19
Comprador 5,6,2015-02-19
Comprador 1,8,2015-02-26
Comprador 2,9,2015-02-26
Comprador 3,1,2015-02-26
Comprador 4,9,2015-02-26
Comprador 5,2,2015-02-26
Comprador 1,2,2015-03-05
Comprador 2,5,2015-03-05
Comprador 3,6,2015-03-05
Comprador 4,7,2015-03-05
Comprador 5,1,2015-03-05
Comprador 1,2,2015-03-12
Comprador 2,2,2015-03-12
Comprador 3,10,2015-03-12
Comprador 4,1,2015-03-12
Comprador 5,5,2015-03-12
Comprador 1,8,2015-03-19
Comprador 2,8,2015-03-19
Comprador 3,6,2015-03-19
Comprador 4,3,2015-03-19
Comprador 5,6,2015-03-19
Comprador 1,4,2015-03-26
Comprador 2,7,2015-03-26
Comprador 3,3,2015-03-26
Comprador 4,3,2015-03-26
Comprador 5,3,2015-03-26
Comprador 1,7,2015-04-02
Comprador 2,2,2015-04-02
Comprador 3,2,2015-04-02
Comprador 4,5,2015-04-02
Comprador 5,5,2015-04-02
Comprador 1,5,2015-04-09
Comprador 2,6,2015-04-09
Comprador 3,9,2015-04-09
Comprador 4,7,2015-04-09
Comprador 5,3,2015-04-09
Comprador 1,8,2015-04-16
Comprador 2,5,2015-04-16
Comprador 3,4,2015-04-16
Comprador 4,7,2015-04-16
Comprador 5,10,2015-04-16
Comprador 1,1,2015-04-23
Comprador 2,2,2015-04-23
Comprador 3,2,2015-04-23
Comprador 4,1,2015-04-23
Comprador 5,8,2015-04-23
Comprador 1,4,2015-04-30
Comprador 2,8,2015-04-30
Comprador 3,7,2015-04-30
Comprador 4,3,2015-04-30
Comprador 5,7,2015-04-30
Comprador 1,9,2015-05-07
Comprador 2,3,2015-05-07
Comprador 3,8,2015-05-07
Comprador 4,1,2015-05-07
Comprador 5,2,2015-05-07
Comprador 1,10,2015-05-14
Comprador 2,10,2015-05-14
Comprador 3,2,2015-05-14
Comprador 4,6,2015-05-14
Comprador 5,10,2015-05-14
Comprador 1,8,2015-05-21
Comprador 2,10,2015-05-21
Comprador 3,3,2015-05-21
Comprador 4,7,2015-05-21
Comprador 5,6,2015-05-21
Comprador 1,9,2015-05-28
Comprador 2,9,2015-05-28
Comprador 3,4,2015-05-28
Comprador 4,2,2015-05-28
Comprador 5,2,2015-05-28
Comprador 1,1,2015-06-04
Comprador 2,2,2015-06-04
Comprador 3,3,2015-06-04
Comprador 4,2,2015-06-04
Comprador 5,9,2015-06-04
Comprador 1,5,2015-06-11
Comprador 2,5,2015-06-11
Comprador 3,10,2015-06-11
Comprador 4,5,2015-06-11
Comprador 5,8,2015-06-11
Comprador 1,7,2015-06-18
Comprador 2,6,2015-06-18
Comprador 3,5,2015-06-18
Comprador 4,3,2015-06-18
Comprador 5,5,2015-06-18
Comprador 1,4,2015-06-25
Comprador 2,9,2015-06-25
Comprador 3,10,2015-06-25
Comprador 4,5,2015-06-25
Comprador 5,8,2015-06-25
Comprador 1,10,2015-07-02
Comprador 2,8,2015-07-02
Comprador 3,5,2015-07-02
Comprador 4,8,2015-07-02
Comprador 5,9,2015-07-02
Comprador 1,10,2015-07-09
Comprador 2,5,2015-07-09
Comprador 3,3,2015-07-09
Comprador 4,1,2015-07-09
Comprador 5,6,2015-07-09
Comprador 1,6,2015-07-16
Comprador 2,2,2015-07-16
Comprador 3,6,2015-07-16
Comprador 4,1,2015-07-16
Comprador 5,8,2015-07-16
Comprador 1,1,2015-07-23
Comprador 2,4,2015-07-23
Comprador 3,10,2015-07-23
Comprador 4,10,2015-07-23
Comprador 5,6,2015-07-23
Comprador 1,6,2015-07-30
Comprador 2,2,2015-07-30
Comprador 3,8,2015-07-30
Comprador 4,3,2015-07-30
Comprador 5,2,2015-07-30
Comprador 1,5,2015-08-06
Comprador 2,10,2015-08-06
Comprador 3,1,2015-08-06
Comprador 4,8,2015-08-06
Comprador 5,1,2015-08-06
Comprador 1,3,2015-08-13
Comprador 2,10,2015-08-13
Comprador 3,2,2015-08-13
Comprador 4,4,2015-08-13
Comprador 5,9,2015-08-13
Comprador 1,7,2015-08-20
Comprador 2,10,2015-08-20
Comprador 3,7,2015-08-20
Comprador 4,4,2015-08-20
Comprador 5,5,2015-08-20
Comprador 1,9,2015-08-27
Comprador 2,5,2015-08-27
Comprador 3,2,2015-08-27
Comprador 4,7,2015-08-27
Comprador 5,8,2015-08-27
Comprador 1,8,2015-09-03
Comprador 2,6,2015-09-03
Comprador 3,4,2015-09-03
Comprador 4,9,2015-09-03
Comprador 5,5,2015-09-03
Comprador 1,8,2015-09-10
Comprador 2,6,2015-09-10
Comprador 3,2,2015-09-10
Comprador 4,3,2015-09-10
Comprador 5,3,2015-09-10
Comprador 1,2,2015-09-17
Comprador 2,5,2015-09-17
Comprador 3,6,2015-09-17
Comprador 4,10,2015-09-17
Comprador 5,4,2015-09-17
Comprador 1,9,2015-09-24
Comprador 2,4,2015-09-24
Comprador 3,9,2015-09-24
Comprador 4,3,2015-09-24
Comprador 5,1,2015-09-24
Comprador 1,9,2015-10-01
Comprador 2,3,2015-10-01
Comprador 3,1,2015-10-01
Comprador 4,10,2015-10-01
Comprador 5,5,2015-10-01
Comprador 1,1,2015-10-08
Comprador 2,9,2015-10-08
Comprador 3,4,2015-10-08
Comprador 4,7,2015-10-08
Comprador 5,7,2015-10-08
Comprador 1,4,2015-10-15
Comprador 2,10,2015-10-15
Comprador 3,10,2015-10-15
Comprador 4,2,2015-10-15
Comprador 5,8,2015-10-15
Comprador 1,7,2015-10-22
Comprador 2,4,2015-10-22
Comprador 3,8,2015-10-22
Comprador 4,2,2015-10-22
Comprador 5,7,2015-10-22
Comprador 1,2,2015-10-29
Comprador 2,4,2015-10-29
Comprador 3,3,2015-10-29
Comprador 4,3,2015-10-29
Comprador 5,9,2015-10-29
Comprador 1,3,2015-11-05
Comprador 2,6,2015-11-05
Comprador 3,4,2015-11-05
Comprador 4,1,2015-11-05
Comprador 5,2,2015-11-05
Comprador 1,4,2015-11-12
Comprador 2,7,2015-11-12
Comprador 3,10,2015-11-12
Comprador 4,9,2015-11-12
Comprador 5,1,2015-11-12
Comprador 1,3,2015-11-19
Comprador 2,7,2015-11-19
Comprador 3,3,2015-11-19
Comprador 4,9,2015-11-19
Comprador 5,7,2015-11-19
Comprador 1,10,2015-11-26
Comprador 2,6,2015-11-26
Comprador 3,5,2015-11-26
Comprador 4,5,2015-11-26
Comprador 5,7,2015-11-26
Comprador 1,2,2015-12-03
Comprador 2,5,2015-12-03
Comprador 3,2,2015-12-03
Comprador 4,4,2015-12-03
Comprador 5,3,2015-12-03
Comprador 1,9,2015-12-10
Comprador 2,4,2015-12-10
Comprador 3,8,2015-12-10
Comprador 4,3,2015-12-10
Comprador 5,6,2015-12-10
Comprador 1,7,2015-12-17
Comprador 2,2,2015-12-17
Comprador 3,3,2015-12-17
Comprador 4,1,2015-12-17
Comprador 5,3,2015-12-17
Comprador 1,1,2015-12-24
Comprador 2,7,2015-12-24
Comprador 3,2,2015-12-24
Comprador 4,9,2015-12-24
Comprador 5,8,2015-12-24
Comprador 1,9,2015-12-31
Comprador 2,10,2015-12-31
Comprador 3,1,2015-12-31
Comprador 4,3,2015-12-31
Comprador 5,4,2015-12-31
Comprador 1,2,2016-01-07
Comprador 2,7,2016-01-07
Comprador 3,10,2016-01-07
Comprador 4,1,2016-01-07
Comprador 5,5,2016-01-07
Comprador 1,5,2016-01-14
Comprador 2,6,2016-01-14
Comprador 3,9,2016-01-14
Comprador 4,4,2016-01-14
Comprador 5,6,2016-01-14
Comprador 1,1,2016-01-21
Comprador 2,1,2016-01-21
Comprador 3,10,2016-01-21
Comprador 4,8,2016-01-21
Comprador 5,7,2016-01-21
Comprador 1,6,2016-01-28
Comprador 2,1,2016-01-28
Comprador 3,9,2016-01-28
Comprador 4,1,2016-01-28
Comprador 5,2,2016-01-28
Comprador 1,10,2016-02-04
Comprador 2,9,2016-02-04
Comprador 3,6,2016-02-04
Comprador 4,9,2016-02-04
Comprador 5,7,2016-02-04
Comprador 1,10,2016-02-11
Comprador 2,1,2016-02-11
Comprador 3,7,2016-02-11
Comprador 4,3,2016-02-11
Comprador 5,4,2016-02-11
Comprador 1,2,2016-02-18
Comprador 2,3,2016-02-18
Comprador 3,2,2016-02-18
Comprador 4,7,2016-02-18
Comprador 5,1,2016-02-18
Comprador 1,6,2016-02-25
Comprador 2,8,2016-02-25
Comprador 3,9,2016-02-25
Comprador 4,6,2016-02-25
Comprador 5,3,2016-02-25
Comprador 1,1,2016-03-03
Comprador 2,9,2016-03-03
Comprador 3,2,2016-03-03
Comprador 4,7,2016-03-03
Comprador 5,7,2016-03-03
Comprador 1,2,2016-03-10
Comprador 2,5,2016-03-10
Comprador 3,3,2016-03-10
Comprador 4,6,2016-03-10
Comprador 5,6,2016-03-10
Comprador 1,10,2016-03-17
Comprador 2,3,2016-03-17
Comprador 3,2,2016-03-17
Comprador 4,9,2016-03-17
Comprador 5,3,2016-03-17
Comprador 1,10,2016-03-24
Comprador 2,2,2016-03-24
Comprador 3,3,2016-03-24
Comprador 4,6,2016-03-24
Comprador 5,5,2016-03-24
Comprador 1,6,2016-03-31
Comprador 2,6,2016-03-31
Comprador 3,2,2016-03-31
Comprador 4,2,2016-03-31
Comprador 5,4,2016-03-31
Comprador 1,9,2016-04-07
Comprador 2,1,2016-04-07
Comprador 3,3,2016-04-07
Comprador 4,2,2016-04-07
Comprador 5,1,2016-04-07
Comprador 1,10,2016-04-14
Comprador 2,10,2016-04-14
Comprador 3,10,2016-04-14
Comprador 4,7,2016-04-14
Comprador 5,2,2016-04-14
Comprador 1,2,2016-04-21
Comprador 2,4,2016-04-21
Comprador 3,7,2016-04-21
Comprador 4,7,2016-04-21
Comprador 5,8,2016-04-21
Comprador 1,7,2016-04-28
Comprador 2,4,2016-04-28
Comprador 3,6,2016-04-28
Comprador 4,2,2016-04-28
Comprador 5,6,2016-04-28
Comprador 1,7,2016-05-05
Comprador 2,8,2016-05-05
Comprador 3,3,2016-05-05
Comprador 4,9,2016-05-05
Comprador 5,1,2016-05-05
Comprador 1,6,2016-05-12
Comprador 2,9,2016-05-12
Comprador 3,9,2016-05-12
Comprador 4,4,2016-05-12
Comprador 5,7,2016-05-12
Comprador 1,2,2016-05-19
Comprador 2,10,2016-05-19
Comprador 3,10,2016-05-19
Comprador 4,10,2016-05-19
Comprador 5,9,2016-05-19
Comprador 1,6,2016-05-26
Comprador 2,9,2016-05-26
Comprador 3,3,2016-05-26
Comprador 4,1,2016-05-26
Comprador 5,6,2016-05-26
Comprador 1,2,2016-06-02
Comprador 2,4,2016-06-02
Comprador 3,4,2016-06-02
Comprador 4,4,2016-06-02
Comprador 5,7,2016-06-02
Comprador 1,1,2016-06-09
Comprador 2,7,2016-06-09
Comprador 3,3,2016-06-09
Comprador 4,10,2016-06-09
Comprador 5,2,2016-06-09
Comprador 1,2,2016-06-16
Comprador 2,9,2016-06-16
Comprador 3,6,2016-06-16
Comprador 4,10,2016-06-16
Comprador 5,4,2016-06-16
Comprador 1,10,2016-06-23
Comprador 2,6,2016-06-23
Comprador 3,9,2016-06-23
Comprador 4,4,2016-06-23
Comprador 5,7,2016-06-23
Comprador 1,7,2016-06-30
Comprador 2,6,2016-06-30
Comprador 3,8,2016-06-30
Comprador 4,10,2016-06-30
Comprador 5,8,2016-06-30
Comprador 1,2,2016-07-07
Comprador 2,9,2016-07-07
Comprador 3,6,2016-07-07
Comprador 4,7,2016-07-07
Comprador 5,9,2016-07-07
Comprador 1,6,2016-07-14
Comprador 2,6,2016-07-14
Comprador 3,5,2016-07-14
Comprador 4,2,2016-07-14
Comprador 5,3,2016-07-14
Comprador 1,4,2016-07-21
Comprador 2,5,2016-07-21
Comprador 3,6,2016-07-21
Comprador 4,6,2016-07-21
Comprador 5,3,2016-07-21
Comprador 1,10,2016-07-28
Comprador 2,9,2016-07-28
Comprador 3,3,2016-07-28
Comprador 4,7,2016-07-28
Comprador 5,2,2016-07-28
Comprador 1,4,2016-08-04
Comprador 2,7,2016-08-04
Comprador 3,6,2016-08-04
Comprador 4,7,2016-08-04
Comprador 5,4,2016-08-04
Comprador 1,2,2016-08-11
Comprador 2,10,2016-08-11
Comprador 3,1,2016-08-11
Comprador 4,4,2016-08-11
Comprador 5,9,2016-08-11
Comprador 1,5,2016-08-18
Comprador 2,6,2016-08-18
Comprador 3,1,2016-08-18
Comprador 4,5,2016-08-18
Comprador 5,9,2016-08-18
Comprador 1,8,2016-08-25
Comprador 2,5,2016-08-25
Comprador 3,9,2016-08-25
Comprador 4,2,2016-08-25
Comprador 5,9,2016-08-25
Comprador 1,2,2016-09-01
Comprador 2,4,2016-09-01
Comprador 3,7,2016-09-01
Comprador 4,7,2016-09-01
Comprador 5,1,2016-09-01
Comprador 1,8,2016-09-08
Comprador 2,6,2016-09-08
Comprador 3,6,2016-09-08
Comprador 4,3,2016-09-08
Comprador 5,6,2016-09-08
Comprador 1,5,2016-09-15
Comprador 2,3,2016-09-15
Comprador 3,8,2016-09-15
Comprador 4,2,2016-09-15
Comprador 5,7,2016-09-15
Comprador 1,1,2016-09-22
Comprador 2,9,2016-09-22
Comprador 3,3,2016-09-22
Comprador 4,7,2016-09-22
Comprador 5,3,2016-09-22
Comprador 1,10,2016-09-29
Comprador 2,8,2016-09-29
Comprador 3,2,2016-09-29
Comprador 4,6,2016-09-29
Comprador 5,8,2016-09-29
Comprador 1,6,2016-10-06
Comprador 2,5,2016-10-06
Comprador 3,5,2016-10-06
Comprador 4,2,2016-10-06
Comprador 5,3,2016-10-06
Comprador 1,8,2016-10-13
Comprador 2,3,2016-10-13
Comprador 3,3,2016-10-13
Comprador 4,2,2016-10-13
Comprador 5,5,2016-10-13
Comprador 1,7,2016-10-20
Comprador 2,6,2016-10-20
Comprador 3,6,2016-10-20
Comprador 4,8,2016-10-20
Comprador 5,10,2016-10-20
Comprador 1,1,2016-10-27
Comprador 2,6,2016-10-27
Comprador 3,2,2016-10-27
Comprador 4,4,2016-10-27
Comprador 5,1,2016-10-27
Comprador 1,10,2016-11-03
Comprador 2,5,2016-11-03
Comprador 3,2,2016-11-03
Comprador 4,8,2016-11-03
Comprador 5,1,2016-11-03
Comprador 1,3,2016-11-10
Comprador 2,2,2016-11-10
Comprador 3,4,2016-11-10
Comprador 4,5,2016-11-10
Comprador 5,6,2016-11-10
Comprador 1,4,2016-11-17
Comprador 2,1,2016-11-17
Comprador 3,9,2016-11-17
Comprador 4,6,2016-11-17
Comprador 5,7,2016-11-17
Comprador 1,7,2016-11-24
Comprador 2,5,2016-11-24
Comprador 3,7,2016-11-24
Comprador 4,5,2016-11-24
Comprador 5,3,2016-11-24
Comprador 1,2,2016-12-01
Comprador 2,6,2016-12-01
Comprador 3,8,2016-12-01
Comprador 4,3,2016-12-01
Comprador 5,10,2016-12-01
Comprador 1,5,2016-12-08
Comprador 2,5,2016-12-08
Comprador 3,3,2016-12-08
Comprador 4,2,2016-12-08
Comprador 5,8,2016-12-08
Comprador 1,2,2016-12-15
Comprador 2,2,2016-12-15
Comprador 3,6,2016-12-15
Comprador 4,8,2016-12-15
Comprador 5,6,2016-12-15
Comprador 1,1,2016-12-22
Comprador 2,1,2016-12-22
Comprador 3,5,2016-12-22
Comprador 4,2,2016-12-22
Comprador 5,5,2016-12-22
Comprador 1,8,2016-12-29
Comprador 2,10,2016-12-29
Comprador 3,5,2016-12-29
Comprador 4,1,2016-12-29
Comprador 5,7,2016-12-29
Comprador 1,6,2017-01-05
Comprador 2,2,2017-01-05
Comprador 3,3,2017-01-05
Comprador 4,9,2017-01-05
Comprador 5,5,2017-01-05
Comprador 1,2,2017-01-12
Comprador 2,9,2017-01-12
Comprador 3,6,2017-01-12
Comprador 4,10,2017-01-12
Comprador 5,10,2017-01-12
Comprador 1,4,2017-01-19
Comprador 2,7,2017-01-19
Comprador 3,7,2017-01-19
Comprador 4,9,2017-01-19
Comprador 5,2,2017-01-19
Comprador 1,7,2017-01-26
Comprador 2,7,2017-01-26
Comprador 3,7,2017-01-26
Comprador 4,9,2017-01-26
Comprador 5,3,2017-01-26
Comprador 1,4,2017-02-02
Comprador 2,4,2017-02-02
Comprador 3,6,2017-02-02
Comprador 4,8,2017-02-02
Comprador 5,7,2017-02-02
Comprador 1,2,2017-02-09
Comprador 2,9,2017-02-09
Comprador 3,2,2017-02-09
Comprador 4,9,2017-02-09
Comprador 5,5,2017-02-09
Comprador 1,8,2017-02-16
Comprador 2,6,2017-02-16
Comprador 3,7,2017-02-16
Comprador 4,2,2017-02-16
Comprador 5,5,2017-02-16
Comprador 1,2,2017-02-23
Comprador 2,3,2017-02-23
Comprador 3,1,2017-02-23
Comprador 4,8,2017-02-23
Comprador 5,2,2017-02-23
Comprador 1,9,2017-03-02
Comprador 2,3,2017-03-02
Comprador 3,10,2017-03-02
Comprador 4,4,2017-03-02
Comprador 5,9,2017-03-02
Comprador 1,10,2017-03-09
Comprador 2,7,2017-03-09
Comprador 3,10,2017-03-09
Comprador 4,10,2017-03-09
Comprador 5,7,2017-03-09
Comprador 1,4,2017-03-16
Comprador 2,2,2017-03-16
Comprador 3,1,2017-03-16
Comprador 4,2,2017-03-16
Comprador 5,2,2017-03-16
Comprador 1,1,2017-03-23
Comprador 2,4,2017-03-23
Comprador 3,8,2017-03-23
Comprador 4,4,2017-03-23
Comprador 5,4,2017-03-23
Comprador 1,8,2017-03-30
Comprador 2,6,2017-03-30
Comprador 3,10,2017-03-30
Comprador 4,9,2017-03-30
Comprador 5,10,2017-03-30
Comprador 1,4,2017-04-06
Comprador 2,6,2017-04-06
Comprador 3,7,2017-04-06
Comprador 4,4,2017-04-06
Comprador 5,10,2017-04-06
Comprador 1,8,2017-04-13
Comprador 2,5,2017-04-13
Comprador 3,10,2017-04-13
Comprador 4,9,2017-04-13
Comprador 5,2,2017-04-13
Comprador 1,2,2017-04-20
Comprador 2,4,2017-04-20
Comprador 3,1,2017-04-20
Comprador 4,9,2017-04-20
Comprador 5,1,2017-04-20
Comprador 1,8,2017-04-27
Comprador 2,2,2017-04-27
Comprador 3,6,2017-04-27
Comprador 4,3,2017-04-27
Comprador 5,8,2017-04-27
Comprador 1,2,2017-05-04
Comprador 2,2,2017-05-04
Comprador 3,1,2017-05-04
Comprador 4,10,2017-05-04
Comprador 5,7,2017-05-04
Comprador 1,6,2017-05-11
Comprador 2,2,2017-05-11
Comprador 3,3,2017-05-11
Comprador 4,7,2017-05-11
Comprador 5,7,2017-05-11
Comprador 1,9,2017-05-18
Comprador 2,3,2017-05-18
Comprador 3,9,2017-05-18
Comprador 4,1,2017-05-18
Comprador 5,10,2017-05-18
Comprador 1,10,2017-05-25
Comprador 2,10,2017-05-25
Comprador 3,5,2017-05-25
Comprador 4,3,2017-05-25
Comprador 5,6,2017-05-25
Comprador 1,1,2017-06-01
Comprador 2,9,2017-06-01
Comprador 3,8,2017-06-01
Comprador 4,5,2017-06-01
Comprador 5,1,2017-06-01
Comprador 1,6,2017-06-08
Comprador 2,8,2017-06-08
Comprador 3,7,2017-06-08
Comprador 4,8,2017-06-08
Comprador 5,3,2017-06-08
Comprador 1,2,2017-06-15
Comprador 2,7,2017-06-15
Comprador 3,3,2017-06-15
Comprador 4,6,2017-06-15
Comprador 5,9,2017-06-15
Comprador 1,8,2017-06-22
Comprador 2,2,2017-06-22
Comprador 3,10,2017-06-22
Comprador 4,10,2017-06-22
Comprador 5,2,2017-06-22
Comprador 1,6,2017-06-29
Comprador 2,10,2017-06-29
Comprador 3,8,2017-06-29
Comprador 4,4,2017-06-29
Comprador 5,2,2017-06-29
Comprador 1,9,2017-07-06
Comprador 2,6,2017-07-06
Comprador 3,6,2017-07-06
Comprador 4,6,2017-07-06
Comprador 5,10,2017-07-06
Comprador 1,3,2017-07-13
Comprador 2,2,2017-07-13
Comprador 3,10,2017-07-13
Comprador 4,2,2017-07-13
Comprador 5,7,2017-07-13
Comprador 1,4,2017-07-20
Comprador 2,1,2017-07-20
Comprador 3,5,2017-07-20
Comprador 4,5,2017-07-20
Comprador 5,1,2017-07-20
Comprador 1,10,2017-07-27
Comprador 2,6,2017-07-27
Comprador 3,8,2017-07-27
Comprador 4,1,2017-07-27
Comprador 5,4,2017-07-27
Comprador 1,9,2017-08-03
Comprador 2,9,2017-08-03
Comprador 3,3,2017-08-03
Comprador 4,4,2017-08-03
Comprador 5,1,2017-08-03
Comprador 1,7,2017-08-10
Comprador 2,6,2017-08-10
Comprador 3,7,2017-08-10
Comprador 4,1,2017-08-10
Comprador 5,2,2017-08-10
Comprador 1,9,2017-08-17
Comprador 2,5,2017-08-17
Comprador 3,3,2017-08-17
Comprador 4,1,2017-08-17
Comprador 5,9,2017-08-17
Comprador 1,2,2017-08-24
Comprador 2,2,2017-08-24
Comprador 3,4,2017-08-24
Comprador 4,10,2017-08-24
Comprador 5,2,2017-08-24
Comprador 1,5,2017-08-31
Comprador 2,3,2017-08-31
Comprador 3,10,2017-08-31
Comprador 4,10,2017-08-31
Comprador 5,8,2017-08-31
Comprador 1,10,2017-09-07
Comprador 2,3,2017-09-07
Comprador 3,6,2017-09-07
Comprador 4,3,2017-09-07
Comprador 5,7,2017-09-07
Comprador 1,5,2017-09-14
Comprador 2,4,2017-09-14
Comprador 3,8,2017-09-14
Comprador 4,10,2017-09-14
Comprador 5,9,2017-09-14
Comprador 1,6,2017-09-21
Comprador 2,5,2017-09-21
Comprador 3,7,2017-09-21
Comprador 4,9,2017-09-21
Comprador 5,9,2017-09-21
Comprador 1,7,2017-09-28
Comprador 2,6,2017-09-28
Comprador 3,9,2017-09-28
Comprador 4,6,2017-09-28
Comprador 5,6,2017-09-28
Comprador 1,4,2017-10-05
Comprador 2,9,2017-10-05
Comprador 3,4,2017-10-05
Comprador 4,10,2017-10-05
Comprador 5,2,2017-10-05
Comprador 1,5,2017-10-12
Comprador 2,7,2017-10-12
Comprador 3,1,2017-10-12
Comprador 4,2,2017-10-12
Comprador 5,3,2017-10-12
Comprador 1,6,2017-10-19
Comprador 2,9,2017-10-19
Comprador 3,4,2017-10-19
Comprador 4,7,2017-10-19
Comprador 5,2,2017-10-19
Comprador 1,4,2017-10-26
Comprador 2,2,2017-10-26
Comprador 3,4,2017-10-26
Comprador 4,1,2017-10-26
Comprador 5,7,2017-10-26
Comprador 1,9,2017-11-02
Comprador 2,4,2017-11-02
Comprador 3,7,2017-11-02
Comprador 4,6,2017-11-02
Comprador 5,7,2017-11-02
Comprador 1,5,2017-11-09
Comprador 2,4,2017-11-09
Comprador 3,10,2017-11-09
Comprador 4,4,2017-11-09
Comprador 5,7,2017-11-09
Comprador 1,1,2017-11-16
Comprador 2,9,2017-11-16
Comprador 3,1,2017-11-16
Comprador 4,5,2017-11-16
Comprador 5,8,2017-11-16
Comprador 1,10,2017-11-23
Comprador 2,5,2017-11-23
Comprador 3,7,2017-11-23
Comprador 4,8,2017-11-23
Comprador 5,8,2017-11-23
Comprador 1,1,2017-11-30
Comprador 2,8,2017-11-30
Comprador 3,2,2017-11-30
Comprador 4,1,2017-11-30
Comprador 5,5,2017-11-30
Comprador 1,6,2017-12-07
Comprador 2,1,2017-12-07
Comprador 3,5,2017-12-07
Comprador 4,10,2017-12-07
Comprador 5,7,2017-12-07
Comprador 1,10,2017-12-14
Comprador 2,3,2017-12-14
Comprador 3,10,2017-12-14
Comprador 4,4,2017-12-14
Comprador 5,3,2017-12-14
Comprador 1,1,2017-12-21
Comprador 2,4,2017-12-21
Comprador 3,9,2017-12-21
Comprador 4,10,2017-12-21
Comprador 5,6,2017-12-21
Comprador 1,10,2017-12-28
Comprador 2,5,2017-12-28
Comprador 3,4,2017-12-28
Comprador 4,9,2017-12-28
Comprador 5,10,2017-12-28
Comprador 1,8,2018-01-04
Comprador 2,6,2018-01-04
Comprador 3,3,2018-01-04
Comprador 4,7,2018-01-04
Comprador 5,3,2018-01-04
Comprador 1,5,2018-01-11
Comprador 2,6,2018-01-11
Comprador 3,5,2018-01-11
Comprador 4,7,2018-01-11
Comprador 5,1,2018-01-11
Comprador 1,4,2018-01-18
Comprador 2,7,2018-01-18
Comprador 3,2,2018-01-18
Comprador 4,7,2018-01-18
Comprador 5,1,2018-01-18
Comprador 1,9,2018-01-25
Comprador 2,6,2018-01-25
Comprador 3,4,2018-01-25
Comprador 4,1,2018-01-25
Comprador 5,6,2018-01-25
Comprador 1,3,2018-02-01
Comprador 2,4,2018-02-01
Comprador 3,5,2018-02-01
Comprador 4,10,2018-02-01
Comprador 5,5,2018-02-01
Comprador 1,2,2018-02-08
Comprador 2,9,2018-02-08
Comprador 3,3,2018-02-08
Comprador 4,10,2018-02-08
Comprador 5,1,2018-02-08
Comprador 1,8,2018-02-15
Comprador 2,6,2018-02-15
Comprador 3,3,2018-02-15
Comprador 4,6,2018-02-15
Comprador 5,7,2018-02-15
Comprador 1,9,2018-02-22
Comprador 2,7,2018-02-22
Comprador 3,6,2018-02-22
Comprador 4,7,2018-02-22
Comprador 5,9,2018-02-22
Comprador 1,4,2018-03-01
Comprador 2,8,2018-03-01
Comprador 3,10,2018-03-01
Comprador 4,2,2018-03-01
Comprador 5,4,2018-03-01
Comprador 1,7,2018-03-08
Comprador 2,3,2018-03-08
Comprador 3,9,2018-03-08
Comprador 4,9,2018-03-08
Comprador 5,2,2018-03-08
Comprador 1,3,2018-03-15
Comprador 2,4,2018-03-15
Comprador 3,2,2018-03-15
Comprador 4,1,2018-03-15
Comprador 5,7,2018-03-15
Comprador 1,2,2018-03-22
Comprador 2,10,2018-03-22
Comprador 3,2,2018-03-22
Comprador 4,2,2018-03-22
Comprador 5,2,2018-03-22
Comprador 1,3,2018-03-29
Comprador 2,1,2018-03-29
Comprador 3,1,2018-03-29
Comprador 4,2,2018-03-29
Comprador 5,6,2018-03-29
Comprador 1,10,2018-04-05
Comprador 2,3,2018-04-05
Comprador 3,10,2018-04-05
Comprador 4,3,2018-04-05
Comprador 5,7,2018-04-05
Comprador 1,5,2018-04-12
Comprador 2,3,2018-04-12
Comprador 3,2,2018-04-12
Comprador 4,9,2018-04-12
Comprador 5,5,2018-04-12
Comprador 1,1,2018-04-19
Comprador 2,5,2018-04-19
Comprador 3,5,2018-04-19
Comprador 4,4,2018-04-19
Comprador 5,5,2018-04-19
Comprador 1,9,2018-04-26
Comprador 2,2,2018-04-26
Comprador 3,1,2018-04-26
Comprador 4,10,2018-04-26
Comprador 5,4,2018-04-26
Comprador 1,6,2018-05-03
Comprador 2,6,2018-05-03
Comprador 3,8,2018-05-03
Comprador 4,8,2018-05-03
Comprador 5,7,2018-05-03
Comprador 1,2,2018-05-10
Comprador 2,10,2018-05-10
Comprador 3,4,2018-05-10
Comprador 4,5,2018-05-10
Comprador 5,8,2018-05-10
Comprador 1,10,2018-05-17
Comprador 2,8,2018-05-17
Comprador 3,7,2018-05-17
Comprador 4,5,2018-05-17
Comprador 5,4,2018-05-17
Comprador 1,10,2018-05-24
Comprador 2,6,2018-05-24
Comprador 3,5,2018-05-24
Comprador 4,9,2018-05-24
Comprador 5,2,2018-05-24
Comprador 1,6,2018-05-31
Comprador 2,9,2018-05-31
Comprador 3,8,2018-05-31
Comprador 4,5,2018-05-31
Comprador 5,4,2018-05-31
Comprador 1,6,2018-06-07
Comprador 2,3,2018-06-07
Comprador 3,6,2018-06-07
Comprador 4,2,2018-06-07
Comprador 5,3,2018-06-07
Comprador 1,5,2018-06-14
Comprador 2,2,2018-06-14
Comprador 3,8,2018-06-14
Comprador 4,9,2018-06-14
Comprador 5,4,2018-06-14
Comprador 1,7,2018-06-21
Comprador 2,10,2018-06-21
Comprador 3,9,2018-06-21
Comprador 4,10,2018-06-21
Comprador 5,7,2018-06-21
Comprador 1,9,2018-06-28
Comprador 2,1,2018-06-28
Comprador 3,7,2018-06-28
Comprador 4,6,2018-06-28
Comprador 5,8,2018-06-28
Comprador 1,3,2018-07-05
Comprador 2,9,2018-07-05
Comprador 3,4,2018-07-05
Comprador 4,1,2018-07-05
Comprador 5,5,2018-07-05
Comprador 1,8,2018-07-12
Comprador 2,3,2018-07-12
Comprador 3,6,2018-07-12
Comprador 4,4,2018-07-12
Comprador 5,1,2018-07-12
Comprador 1,5,2018-07-19
Comprador 2,2,2018-07-19
Comprador 3,3,2018-07-19
Comprador 4,4,2018-07-19
Comprador 5,10,2018-07-19
Comprador 1,1,2018-07-26
Comprador 2,9,2018-07-26
Comprador 3,1,2018-07-26
Comprador 4,2,2018-07-26
Comprador 5,2,2018-07-26
Comprador 1,3,2018-08-02
Comprador 2,8,2018-08-02
Comprador 3,1,2018-08-02
Comprador 4,1,2018-08-02
Comprador 5,5,2018-08-02
Comprador 1,8,2018-08-09
Comprador 2,10,2018-08-09
Comprador 3,8,2018-08-09
Comprador 4,1,2018-08-09
Comprador 5,6,2018-08-09
Comprador 1,9,2018-08-16
Comprador 2,6,2018-08-16
Comprador 3,1,2018-08-16
Comprador 4,9,2018-08-16
Comprador 5,1,2018-08-16
Comprador 1,5,2018-08-23
Comprador 2,7,2018-08-23
Comprador 3,6,2018-08-23
Comprador 4,8,2018-08-23
Comprador 5,2,2018-08-23
Comprador 1,8,2018-08-30
Comprador 2,4,2018-08-30
Comprador 3,9,2018-08-30
Comprador 4,6,2018-08-30
Comprador 5,10,2018-08-30
Comprador 1,1,2018-09-06
Comprador 2,6,2018-09-06
Comprador 3,6,2018-09-06
Comprador 4,3,2018-09-06
Comprador 5,9,2018-09-06
Comprador 1,2,2018-09-13
Comprador 2,7,2018-09-13
Comprador 3,6,2018-09-13
Comprador 4,9,2018-09-13
Comprador 5,8,2018-09-13
Comprador 1,7,2018-09-20
Comprador 2,5,2018-09-20
Comprador 3,3,2018-09-20
Comprador 4,7,2018-09-20
Comprador 5,9,2018-09-20
Comprador 1,8,2018-09-27
Comprador 2,8,2018-09-27
Comprador 3,9,2018-09-27
Comprador 4,1,2018-09-27
Comprador 5,4,2018-09-27
Comprador 1,5,2018-10-04
Comprador 2,7,2018-10-04
Comprador 3,10,2018-10-04
Comprador 4,9,2018-10-04
Comprador 5,3,2018-10-04
Comprador 1,1,2018-10-11
Comprador 2,4,2018-10-11
Comprador 3,7,2018-10-11
Comprador 4,4,2018-10-11
Comprador 5,2,2018-10-11
Comprador 1,9,2018-10-18
Comprador 2,1,2018-10-18
Comprador 3,5,2018-10-18
Comprador 4,5,2018-10-18
Comprador 5,10,2018-10-18
Comprador 1,9,2018-10-25
Comprador 2,9,2018-10-25
Comprador 3,4,2018-10-25
Comprador 4,4,2018-10-25
Comprador 5,3,2018-10-25
Comprador 1,8,2018-11-01
Comprador 2,2,2018-11-01
Comprador 3,3,2018-11-01
Comprador 4,8,2018-11-01
Comprador 5,6,2018-11-01
Comprador 1,9,2018-11-08
Comprador 2,10,2018-11-08
Comprador 3,8,2018-11-08
Comprador 4,1,2018-11-08
Comprador 5,7,2018-11-08
Comprador 1,8,2018-11-15
Comprador 2,10,2018-11-15
Comprador 3,7,2018-11-15
Comprador 4,7,2018-11-15
Comprador 5,5,2018-11-15
Comprador 1,6,2018-11-22
Comprador 2,4,2018-11-22
Comprador 3,5,2018-11-22
Comprador 4,1,2018-11-22
Comprador 5,5,2018-11-22
Comprador 1,8,2018-11-29
Comprador 2,10,2018-11-29
Comprador 3,7,2018-11-29
Comprador 4,3,2018-11-29
Comprador 5,9,2018-11-29
Comprador 1,3,2018-12-06
Comprador 2,1,2018-12-06
Comprador 3,7,2018-12-06
Comprador 4,8,2018-12-06
Comprador 5,9,2018-12-06
Comprador 1,7,2018-12-13
Comprador 2,5,2018-12-13
Comprador 3,4,2018-12-13
Comprador 4,8,2018-12-13
Comprador 5,7,2018-12-13
Comprador 1,6,2018-12-20
Comprador 2,3,2018-12-20
Comprador 3,9,2018-12-20
Comprador 4,6,2018-12-20
Comprador 5,3,2018-12-20
Comprador 1,3,2018-12-27
Comprador 2,3,2018-12-27
Comprador 3,7,2018-12-27
Comprador 4,2,2018-12-27
Comprador 5,9,2018-12-27
Comprador 1,7,2019-01-03
Comprador 2,2,2019-01-03
Comprador 3,1,2019-01-03
Comprador 4,6,2019-01-03
Comprador 5,9,2019-01-03
Comprador 1,2,2019-01-10
Comprador 2,4,2019-01-10
Comprador 3,10,2019-01-10
Comprador 4,4,2019-01-10
Comprador 5,9,2019-01-10
Comprador 1,10,2019-01-17
Comprador 2,10,2019-01-17
Comprador 3,7,2019-01-17
Comprador 4,8,2019-01-17
Comprador 5,2,2019-01-17
Comprador 1,5,2019-01-24
Comprador 2,1,2019-01-24
Comprador 3,2,2019-01-24
Comprador 4,4,2019-01-24
Comprador 5,8,2019-01-24
Comprador 1,3,2019-01-31
Comprador 2,3,2019-01-31
Comprador 3,8,2019-01-31
Comprador 4,1,2019-01-31
Comprador 5,9,2019-01-31
Comprador 1,5,2019-02-07
Comprador 2,6,2019-02-07
Comprador 3,5,2019-02-07
Comprador 4,4,2019-02-07
Comprador 5,9,2019-02-07
Comprador 1,4,2019-02-14
Comprador 2,10,2019-02-14
Comprador 3,2,2019-02-14
Comprador 4,1,2019-02-14
Comprador 5,5,2019-02-14
Comprador 1,2,2019-02-21
Comprador 2,10,2019-02-21
Comprador 3,4,2019-02-21
Comprador 4,3,2019-02-21
Comprador 5,9,2019-02-21
Comprador 1,10,2019-02-28
Comprador 2,1,2019-02-28
Comprador 3,5,2019-02-28
Comprador 4,9,2019-02-28
Comprador 5,7,2019-02-28
Comprador 1,10,2019-03-07
Comprador 2,2,2019-03-07
Comprador 3,9,2019-03-07
Comprador 4,8,2019-03-07
Comprador 5,2,2019-03-07
Comprador 1,3,2019-03-14
Comprador 2,6,2019-03-14
Comprador 3,1,2019-03-14
Comprador 4,8,2019-03-14
Comprador 5,7,2019-03-14
Comprador 1,3,2019-03-21
Comprador 2,10,2019-03-21
Comprador 3,10,2019-03-21
Comprador 4,2,2019-03-21
Comprador 5,7,2019-03-21
Comprador 1,8,2019-03-28
Comprador 2,6,2019-03-28
Comprador 3,1,2019-03-28
Comprador 4,3,2019-03-28
Comprador 5,6,2019-03-28
Comprador 1,1,2019-04-04
Comprador 2,4,2019-04-04
Comprador 3,3,2019-04-04
Comprador 4,5,2019-04-04
Comprador 5,6,2019-04-04
Comprador 1,3,2019-04-11
Comprador 2,4,2019-04-11
Comprador 3,6,2019-04-11
Comprador 4,9,2019-04-11
Comprador 5,6,2019-04-11
Comprador 1,9,2019-04-18
Comprador 2,4,2019-04-18
Comprador 3,5,2019-04-18
Comprador 4,3,2019-04-18
Comprador 5,5,2019-04-18
Comprador 1,6,2019-04-25
Comprador 2,10,2019-04-25
Comprador 3,8,2019-04-25
Comprador 4,5,2019-04-25
Comprador 5,3,2019-04-25
Comprador 1,3,2019-05-02
Comprador 2,1,2019-05-02
Comprador 3,2,2019-05-02
Comprador 4,8,2019-05-02
Comprador 5,2,2019-05-02
Comprador 1,7,2019-05-09
Comprador 2,2,2019-05-09
Comprador 3,6,2019-05-09
Comprador 4,4,2019-05-09
Comprador 5,3,2019-05-09
Comprador 1,10,2019-05-16
Comprador 2,5,2019-05-16
Comprador 3,5,2019-05-16
Comprador 4,4,2019-05-16
Comprador 5,8,2019-05-16
Comprador 1,5,2019-05-23
Comprador 2,4,2019-05-23
Comprador 3,8,2019-05-23
Comprador 4,4,2019-05-23
Comprador 5,10,2019-05-23
Comprador 1,2,2019-05-30
Comprador 2,5,2019-05-30
Comprador 3,6,2019-05-30
Comprador 4,3,2019-05-30
Comprador 5,6,2019-05-30
Comprador 1,6,2019-06-06
Comprador 2,1,2019-06-06
Comprador 3,3,2019-06-06
Comprador 4,6,2019-06-06
Comprador 5,6,2019-06-06
Comprador 1,4,2019-06-13
Comprador 2,1,2019-06-13
Comprador 3,1,2019-06-13
Comprador 4,1,2019-06-13
Comprador 5,10,2019-06-13
Comprador 1,3,2019-06-20
Comprador 2,6,2019-06-20
Comprador 3,3,2019-06-20
Comprador 4,5,2019-06-20
Comprador 5,9,2019-06-20
Comprador 1,3,2019-06-27
Comprador 2,3,2019-06-27
Comprador 3,8,2019-06-27
Comprador 4,5,2019-06-27
Comprador 5,1,2019-06-27
Comprador 1,6,2019-07-04
Comprador 2,4,2019-07-04
Comprador 3,4,2019-07-04
Comprador 4,8,2019-07-04
Comprador 5,6,2019-07-04
Comprador 1,8,2019-07-11
Comprador 2,7,2019-07-11
Comprador 3,2,2019-07-11
Comprador 4,4,2019-07-11
Comprador 5,8,2019-07-11
Comprador 1,8,2019-07-18
Comprador 2,7,2019-07-18
Comprador 3,2,2019-07-18
Comprador 4,9,2019-07-18
Comprador 5,8,2019-07-18
Comprador 1,4,2019-07-25
Comprador 2,5,2019-07-25
Comprador 3,1,2019-07-25
Comprador 4,8,2019-07-25
Comprador 5,8,2019-07-25
Comprador 1,10,2019-08-01
Comprador 2,3,2019-08-01
Comprador 3,6,2019-08-01
Comprador 4,9,2019-08-01
Comprador 5,7,2019-08-01
Comprador 1,1,2019-08-08
Comprador 2,4,2019-08-08
Comprador 3,10,2019-08-08
Comprador 4,1,2019-08-08
Comprador 5,2,2019-08-08
Comprador 1,8,2019-08-15
Comprador 2,1,2019-08-15
Comprador 3,4,2019-08-15
Comprador 4,8,2019-08-15
Comprador 5,9,2019-08-15
Comprador 1,2,2019-08-22
Comprador 2,9,2019-08-22
Comprador 3,5,2019-08-22
Comprador 4,4,2019-08-22
Comprador 5,5,2019-08-22
Comprador 1,4,2019-08-29
Comprador 2,6,2019-08-29
Comprador 3,1,2019-08-29
Comprador 4,6,2019-08-29
Comprador 5,10,2019-08-29
Comprador 1,3,2019-09-05
Comprador 2,8,2019-09-05
Comprador 3,2,2019-09-05
Comprador 4,7,2019-09-05
Comprador 5,2,2019-09-05
Comprador 1,2,2019-09-12
Comprador 2,1,2019-09-12
Comprador 3,1,2019-09-12
Comprador 4,5,2019-09-12
Comprador 5,2,2019-09-12
Comprador 1,5,2019-09-19
Comprador 2,8,2019-09-19
Comprador 3,3,2019-09-19
Comprador 4,4,2019-09-19
Comprador 5,9,2019-09-19
Comprador 1,8,2019-09-26
Comprador 2,7,2019-09-26
Comprador 3,9,2019-09-26
Comprador 4,2,2019-09-26
Comprador 5,4,2019-09-26
Comprador 1,1,2019-10-03
Comprador 2,5,2019-10-03
Comprador 3,1,2019-10-03
Comprador 4,5,2019-10-03
Comprador 5,2,2019-10-03
Comprador 1,10,2019-10-10
Comprador 2,9,2019-10-10
Comprador 3,9,2019-10-10
Comprador 4,9,2019-10-10
Comprador 5,6,2019-10-10
Comprador 1,8,2019-10-17
Comprador 2,10,2019-10-17
Comprador 3,5,2019-10-17
Comprador 4,7,2019-10-17
Comprador 5,10,2019-10-17
Comprador 1,4,2019-10-24
Comprador 2,5,2019-10-24
Comprador 3,2,2019-10-24
Comprador 4,7,2019-10-24
Comprador 5,2,2019-10-24
Comprador 1,10,2019-10-31
Comprador 2,4,2019-10-31
Comprador 3,5,2019-10-31
Comprador 4,7,2019-10-31
Comprador 5,9,2019-10-31
Comprador 1,5,2019-11-07
Comprador 2,5,2019-11-07
Comprador 3,9,2019-11-07
Comprador 4,10,2019-11-07
Comprador 5,8,2019-11-07
Comprador 1,2,2019-11-14
Comprador 2,10,2019-11-14
Comprador 3,3,2019-11-14
Comprador 4,5,2019-11-14
Comprador 5,9,2019-11-14
Comprador 1,6,2019-11-21
Comprador 2,8,2019-11-21
Comprador 3,3,2019-11-21
Comprador 4,7,2019-11-21
Comprador 5,5,2019-11-21
Comprador 1,7,2019-11-28
Comprador 2,8,2019-11-28
Comprador 3,10,2019-11-28
Comprador 4,3,2019-11-28
Comprador 5,8,2019-11-28
Comprador 1,7,2019-12-05
Comprador 2,6,2019-12-05
Comprador 3,5,2019-12-05
Comprador 4,7,2019-12-05
Comprador 5,6,2019-12-05
Comprador 1,5,2019-12-12
Comprador 2,9,2019-12-12
Comprador 3,5,2019-12-12
Comprador 4,9,2019-12-12
Comprador 5,4,2019-12-12
Comprador 1,3,2019-12-19
Comprador 2,10,2019-12-19
Comprador 3,9,2019-12-19
Comprador 4,7,2019-12-19
Comprador 5,2,2019-12-19
Comprador 1,2,2019-12-26
Comprador 2,4,2019-12-26
Comprador 3,10,2019-12-26
Comprador 4,3,2019-12-26
Comprador 5,1,2019-12-26
Comprador 1,4,2020-01-02
Comprador 2,8,2020-01-02
Comprador 3,4,2020-01-02
Comprador 4,9,2020-01-02
Comprador 5,7,2020-01-02
Comprador 1,9,2020-01-09
Comprador 2,6,2020-01-09
Comprador 3,6,2020-01-09
Comprador 4,8,2020-01-09
Comprador 5,5,2020-01-09
Comprador 1,10,2020-01-16
Comprador 2,1,2020-01-16
Comprador 3,5,2020-01-16
Comprador 4,10,2020-01-16
Comprador 5,4,2020-01-16
Comprador 1,8,2020-01-23
Comprador 2,2,2020-01-23
Comprador 3,10,2020-01-23
Comprador 4,4,2020-01-23
Comprador 5,7,2020-01-23
Comprador 1,5,2020-01-30
Comprador 2,9,2020-01-30
Comprador 3,2,2020-01-30
Comprador 4,6,2020-01-30
Comprador 5,5,2020-01-30
Comprador 1,7,2020-02-06
Comprador 2,5,2020-02-06
Comprador 3,4,2020-02-06
Comprador 4,5,2020-02-06
Comprador 5,5,2020-02-06
Comprador 1,2,2020-02-13
Comprador 2,6,2020-02-13
Comprador 3,6,2020-02-13
Comprador 4,5,2020-02-13
Comprador 5,7,2020-02-13
Comprador 1,3,2020-02-20
Comprador 2,10,2020-02-20
Comprador 3,7,2020-02-20
Comprador 4,3,2020-02-20
Comprador 5,6,2020-02-20
Comprador 1,1,2020-02-27
Comprador 2,5,2020-02-27
Comprador 3,10,2020-02-27
Comprador 4,1,2020-02-27
Comprador 5,10,2020-02-27
Comprador 1,10,2020-03-05
Comprador 2,10,2020-03-05
Comprador 3,7,2020-03-05
Comprador 4,9,2020-03-05
Comprador 5,1,2020-03-05
Comprador 1,2,2020-03-12
Comprador 2,1,2020-03-12
Comprador 3,10,2020-03-12
Comprador 4,5,2020-03-12
Comprador 5,7,2020-03-12
Comprador 1,4,2020-03-19
Comprador 2,1,2020-03-19
Comprador 3,3,2020-03-19
Comprador 4,9,2020-03-19
Comprador 5,2,2020-03-19
Comprador 1,9,2020-03-26
Comprador 2,3,2020-03-26
Comprador 3,5,2020-03-26
Comprador 4,6,2020-03-26
Comprador 5,9,2020-03-26
Comprador 1,10,2020-04-02
Comprador 2,10,2020-04-02
Comprador 3,10,2020-04-02
Comprador 4,1,2020-04-02
Comprador 5,7,2020-04-02
Comprador 1,2,2020-04-09
Comprador 2,5,2020-04-09
Comprador 3,9,2020-04-09
Comprador 4,9,2020-04-09
Comprador 5,9,2020-04-09
Comprador 1,1,2020-04-16
Comprador 2,7,2020-04-16
Comprador 3,5,2020-04-16
Comprador 4,8,2020-04-16
Comprador 5,1,2020-04-16
Comprador 1,3,2020-04-23
Comprador 2,9,2020-04-23
Comprador 3,5,2020-04-23
Comprador 4,7,2020-04-23
Comprador 5,9,2020-04-23
Comprador 1,6,2020-04-30
Comprador 2,9,2020-04-30
Comprador 3,1,2020-04-30
Comprador 4,2,2020-04-30
Comprador 5,5,2020-04-30
Comprador 1,9,2020-05-07
Comprador 2,9,2020-05-07
Comprador 3,10,2020-05-07
Comprador 4,4,2020-05-07
Comprador 5,4,2020-05-07
Comprador 1,7,2020-05-14
Comprador 2,3,2020-05-14
Comprador 3,1,2020-05-14
Comprador 4,7,2020-05-14
Comprador 5,10,2020-05-14
Comprador 1,10,2020-05-21
Comprador 2,1,2020-05-21
Comprador 3,10,2020-05-21
Comprador 4,4,2020-05-21
Comprador 5,2,2020-05-21
Comprador 1,9,2020-05-28
Comprador 2,4,2020-05-28
Comprador 3,7,2020-05-28
Comprador 4,2,2020-05-28
Comprador 5,7,2020-05-28
Comprador 1,7,2020-06-04
Comprador 2,4,2020-06-04
Comprador 3,8,2020-06-04
Comprador 4,5,2020-06-04
Comprador 5,9,2020-06-04
Comprador 1,10,2020-06-11
Comprador 2,10,2020-06-11
Comprador 3,7,2020-06-11
Comprador 4,9,2020-06-11
Comprador 5,7,2020-06-11
Comprador 1,1,2020-06-18
Comprador 2,9,2020-06-18
Comprador 3,8,2020-06-18
Comprador 4,6,2020-06-18
Comprador 5,4,2020-06-18
Comprador 1,8,2020-06-25
Comprador 2,9,2020-06-25
Comprador 3,5,2020-06-25
Comprador 4,3,2020-06-25
Comprador 5,1,2020-06-25
Comprador 1,7,2020-07-02
Comprador 2,8,2020-07-02
Comprador 3,5,2020-07-02
Comprador 4,3,2020-07-02
Comprador 5,8,2020-07-02
Comprador 1,9,2020-07-09
Comprador 2,7,2020-07-09
Comprador 3,10,2020-07-09
Comprador 4,2,2020-07-09
Comprador 5,4,2020-07-09
Comprador 1,7,2020-07-16
Comprador 2,4,2020-07-16
Comprador 3,10,2020-07-16
Comprador 4,6,2020-07-16
Comprador 5,7,2020-07-16
Comprador 1,10,2020-07-23
Comprador 2,1,2020-07-23
Comprador 3,8,2020-07-23
Comprador 4,10,2020-07-23
Comprador 5,5,2020-07-23
Comprador 1,2,2020-07-30
Comprador 2,2,2020-07-30
Comprador 3,2,2020-07-30
Comprador 4,2,2020-07-30
Comprador 5,1,2020-07-30
Comprador 1,2,2020-08-06
Comprador 2,5,2020-08-06
Comprador 3,1,2020-08-06
Comprador 4,8,2020-08-06
Comprador 5,1,2020-08-06
Comprador 1,2,2020-08-13
Comprador 2,5,2020-08-13
Comprador 3,5,2020-08-13
Comprador 4,4,2020-08-13
Comprador 5,10,2020-08-13
Comprador 1,4,2020-08-20
Comprador 2,4,2020-08-20
Comprador 3,5,2020-08-20
Comprador 4,3,2020-08-20
Comprador 5,4,2020-08-20
Comprador 1,7,2020-08-27
Comprador 2,3,2020-08-27
Comprador 3,6,2020-08-27
Comprador 4,1,2020-08-27
Comprador 5,1,2020-08-27
Comprador 1,9,2020-09-03
Comprador 2,2,2020-09-03
Comprador 3,6,2020-09-03
Comprador 4,10,2020-09-03
Comprador 5,6,2020-09-03
Comprador 1,4,2020-09-10
Comprador 2,2,2020-09-10
Comprador 3,1,2020-09-10
Comprador 4,6,2020-09-10
Comprador 5,6,2020-09-10
Comprador 1,10,2020-09-17
Comprador 2,4,2020-09-17
Comprador 3,4,2020-09-17
Comprador 4,7,2020-09-17
Comprador 5,9,2020-09-17
Comprador 1,5,2020-09-24
Comprador 2,9,2020-09-24
Comprador 3,1,2020-09-24
Comprador 4,4,2020-09-24
Comprador 5,2,2020-09-24
Comprador 1,10,2020-10-01
Comprador 2,2,2020-10-01
Comprador 3,6,2020-10-01
Comprador 4,1,2020-10-01
Comprador 5,7,2020-10-01
Comprador 1,6,2020-10-08
Comprador 2,5,2020-10-08
Comprador 3,9,2020-10-08
Comprador 4,1,2020-10-08
Comprador 5,2,2020-10-08
Comprador 1,2,2020-10-15
Comprador 2,8,2020-10-15
Comprador 3,8,2020-10-15
Comprador 4,8,2020-10-15
Comprador 5,2,2020-10-15
Comprador 1,8,2020-10-22
Comprador 2,1,2020-10-22
Comprador 3,5,2020-10-22
Comprador 4,5,2020-10-22
Comprador 5,3,2020-10-22
Comprador 1,7,2020-10-29
Comprador 2,9,2020-10-29
Comprador 3,6,2020-10-29
Comprador 4,9,2020-10-29
Comprador 5,9,2020-10-29
Comprador 1,6,2020-11-05
Comprador 2,1,2020-11-05
Comprador 3,7,2020-11-05
Comprador 4,2,2020-11-05
Comprador 5,7,2020-11-05
Comprador 1,4,2020-11-12
Comprador 2,1,2020-11-12
Comprador 3,1,2020-11-12
Comprador 4,2,2020-11-12
Comprador 5,3,2020-11-12
Comprador 1,9,2020-11-19
Comprador 2,3,2020-11-19
Comprador 3,4,2020-11-19
Comprador 4,6,2020-11-19
Comprador 5,1,2020-11-19
Comprador 1,9,2020-11-26
Comprador 2,8,2020-11-26
Comprador 3,9,2020-11-26
Comprador 4,3,2020-11-26
Comprador 5,3,2020-11-26
Comprador 1,2,2020-12-03
Comprador 2,4,2020-12-03
Comprador 3,8,2020-12-03
Comprador 4,2,2020-12-03
Comprador 5,4,2020-12-03
Comprador 1,1,2020-12-10
Comprador 2,3,2020-12-10
Comprador 3,9,2020-12-10
Comprador 4,9,2020-12-10
Comprador 5,7,2020-12-10
Comprador 1,9,2020-12-17
Comprador 2,6,2020-12-17
Comprador 3,5,2020-12-17
Comprador 4,9,2020-12-17
Comprador 5,5,2020-12-17
Comprador 1,6,2020-12-24
Comprador 2,5,2020-12-24
Comprador 3,10,2020-12-24
Comprador 4,10,2020-12-24
Comprador 5,3,2020-12-24
Comprador 1,5,2020-12-31
Comprador 2,3,2020-12-31
Comprador 3,3,2020-12-31
Comprador 4,7,2020-12-31
Comprador 5,6,2020-12-31
Comprador 1,8,2021-01-07
Comprador 2,10,2021-01-07
Comprador 3,5,2021-01-07
Comprador 4,10,2021-01-07
Comprador 5,7,2021-01-07
Comprador 1,5,2021-01-14
Comprador 2,8,2021-01-14
Comprador 3,3,2021-01-14
Comprador 4,10,2021-01-14
Comprador 5,1,2021-01-14
Comprador 1,1,2021-01-21
Comprador 2,5,2021-01-21
Comprador 3,4,2021-01-21
Comprador 4,6,2021-01-21
Comprador 5,6,2021-01-21
Comprador 1,4,2021-01-28
Comprador 2,10,2021-01-28
Comprador 3,6,2021-01-28
Comprador 4,3,2021-01-28
Comprador 5,4,2021-01-28
Comprador 1,8,2021-02-04
Comprador 2,2,2021-02-04
Comprador 3,7,2021-02-04
Comprador 4,3,2021-02-04
Comprador 5,9,2021-02-04
Comprador 1,8,2021-02-11
Comprador 2,2,2021-02-11
Comprador 3,8,2021-02-11
Comprador 4,10,2021-02-11
Comprador 5,10,2021-02-11
Comprador 1,10,2021-02-18
Comprador 2,7,2021-02-18
Comprador 3,1,2021-02-18
Comprador 4,5,2021-02-18
Comprador 5,4,2021-02-18
Comprador 1,4,2021-02-25
Comprador 2,7,2021-02-25
Comprador 3,2,2021-02-25
Comprador 4,6,2021-02-25
Comprador 5,7,2021-02-25
Comprador 1,5,2021-03-04
Comprador 2,9,2021-03-04
Comprador 3,8,2021-03-04
Comprador 4,3,2021-03-04
Comprador 5,5,2021-03-04
Comprador 1,9,2021-03-11
Comprador 2,10,2021-03-11
Comprador 3,9,2021-03-11
Comprador 4,8,2021-03-11
Comprador 5,8,2021-03-11
Comprador 1,2,2021-03-18
Comprador 2,3,2021-03-18
Comprador 3,10,2021-03-18
Comprador 4,2,2021-03-18
Comprador 5,4,2021-03-18
Comprador 1,5,2021-03-25
Comprador 2,2,2021-03-25
Comprador 3,5,2021-03-25
Comprador 4,8,2021-03-25
Comprador 5,7,2021-03-25
Comprador 1,6,2021-04-01
Comprador 2,4,2021-04-01
Comprador 3,3,2021-04-01
Comprador 4,7,2021-04-01
Comprador 5,3,2021-04-01
Comprador 1,8,2021-04-08
Comprador 2,7,2021-04-08
Comprador 3,7,2021-04-08
Comprador 4,5,2021-04-08
Comprador 5,7,2021-04-08
Comprador 1,4,2021-04-15
Comprador 2,9,2021-04-15
Comprador 3,4,2021-04-15
Comprador 4,7,2021-04-15
Comprador 5,9,2021-04-15
Comprador 1,6,2021-04-22
Comprador 2,2,2021-04-22
Comprador 3,8,2021-04-22
Comprador 4,1,2021-04-22
Comprador 5,8,2021-04-22
Comprador 1,5,2021-04-29
Comprador 2,5,2021-04-29
Comprador 3,8,2021-04-29
Comprador 4,4,2021-04-29
Comprador 5,2,2021-04-29
Comprador 1,2,2021-05-06
Comprador 2,7,2021-05-06
Comprador 3,10,2021-05-06
Comprador 4,9,2021-05-06
Comprador 5,8,2021-05-06
Comprador 1,1,2021-05-13
Comprador 2,1,2021-05-13
Comprador 3,2,2021-05-13
Comprador 4,1,2021-05-13
Comprador 5,1,2021-05-13
Comprador 1,4,2021-05-20
Comprador 2,1,2021-05-20
Comprador 3,1,2021-05-20
Comprador 4,3,2021-05-20
Comprador 5,10,2021-05-20
Comprador 1,6,2021-05-27
Comprador 2,6,2021-05-27
Comprador 3,10,2021-05-27
Comprador 4,7,2021-05-27
Comprador 5,3,2021-05-27
Comprador 1,5,2021-06-03
Comprador 2,3,2021-06-03
Comprador 3,3,2021-06-03
Comprador 4,2,2021-06-03
Comprador 5,2,2021-06-03
Comprador 1,8,2021-06-10
Comprador 2,3,2021-06-10
Comprador 3,7,2021-06-10
Comprador 4,7,2021-06-10
Comprador 5,5,2021-06-10
Comprador 1,10,2021-06-17
Comprador 2,6,2021-06-17
Comprador 3,9,2021-06-17
Comprador 4,5,2021-06-17
Comprador 5,10,2021-06-17
Comprador 1,10,2021-06-24
Comprador 2,7,2021-06-24
Comprador 3,4,2021-06-24
Comprador 4,7,2021-06-24
Comprador 5,6,2021-06-24
Comprador 1,9,2021-07-01
Comprador 2,8,2021-07-01
Comprador 3,1,2021-07-01
Comprador 4,9,2021-07-01
Comprador 5,7,2021-07-01
Comprador 1,2,2021-07-08
Comprador 2,4,2021-07-08
Comprador 3,10,2021-07-08
Comprador 4,8,2021-07-08
Comprador 5,8,2021-07-08
Comprador 1,2,2021-07-15
Comprador 2,5,2021-07-15
Comprador 3,9,2021-07-15
Comprador 4,8,2021-07-15
Comprador 5,9,2021-07-15
Comprador 1,7,2021-07-22
Comprador 2,9,2021-07-22
Comprador 3,2,2021-07-22
Comprador 4,7,2021-07-22
Comprador 5,4,2021-07-22
Comprador 1,7,2021-07-29
Comprador 2,6,2021-07-29
Comprador 3,8,2021-07-29
Comprador 4,5,2021-07-29
Comprador 5,4,2021-07-29
Comprador 1,1,2021-08-05
Comprador 2,6,2021-08-05
Comprador 3,9,2021-08-05
Comprador 4,7,2021-08-05
Comprador 5,10,2021-08-05
Comprador 1,8,2021-08-12
Comprador 2,1,2021-08-12
Comprador 3,7,2021-08-12
Comprador 4,5,2021-08-12
Comprador 5,2,2021-08-12
Comprador 1,8,2021-08-19
Comprador 2,3,2021-08-19
Comprador 3,9,2021-08-19
Comprador 4,9,2021-08-19
Comprador 5,1,2021-08-19
Comprador 1,2,2021-08-26
Comprador 2,4,2021-08-26
Comprador 3,2,2021-08-26
Comprador 4,10,2021-08-26
Comprador 5,5,2021-08-26
Comprador 1,4,2021-09-02
Comprador 2,5,2021-09-02
Comprador 3,9,2021-09-02
Comprador 4,1,2021-09-02
Comprador 5,5,2021-09-02
Comprador 1,5,2021-09-09
Comprador 2,1,2021-09-09
Comprador 3,2,2021-09-09
Comprador 4,6,2021-09-09
Comprador 5,7,2021-09-09
Comprador 1,3,2021-09-16
Comprador 2,6,2021-09-16
Comprador 3,1,2021-09-16
Comprador 4,7,2021-09-16
Comprador 5,6,2021-09-16
Comprador 1,10,2021-09-23
Comprador 2,10,2021-09-23
Comprador 3,1,2021-09-23
Comprador 4,6,2021-09-23
Comprador 5,4,2021-09-23
Comprador 1,7,2021-09-30
Comprador 2,9,2021-09-30
Comprador 3,8,2021-09-30
Comprador 4,2,2021-09-30
Comprador 5,3,2021-09-30
Comprador 1,1,2021-10-07
Comprador 2,2,2021-10-07
Comprador 3,5,2021-10-07
Comprador 4,3,2021-10-07
Comprador 5,10,2021-10-07
Comprador 1,10,2021-10-14
Comprador 2,3,2021-10-14
Comprador 3,2,2021-10-14
Comprador 4,8,2021-10-14
Comprador 5,1,2021-10-14
Comprador 1,6,2021-10-21
Comprador 2,10,2021-10-21
Comprador 3,1,2021-10-21
Comprador 4,6,2021-10-21
Comprador 5,5,2021-10-21
Comprador 1,8,2021-10-28
Comprador 2,3,2021-10-28
Comprador 3,3,2021-10-28
Comprador 4,6,2021-10-28
Comprador 5,10,2021-10-28
Comprador 1,7,2021-11-04
Comprador 2,5,2021-11-04
Comprador 3,1,2021-11-04
Comprador 4,6,2021-11-04
Comprador 5,3,2021-11-04
Comprador 1,5,2021-11-11
Comprador 2,8,2021-11-11
Comprador 3,1,2021-11-11
Comprador 4,8,2021-11-11
Comprador 5,3,2021-11-11
Comprador 1,10,2021-11-18
Comprador 2,9,2021-11-18
Comprador 3,9,2021-11-18
Comprador 4,3,2021-11-18
Comprador 5,7,2021-11-18
Comprador 1,1,2021-11-25
Comprador 2,7,2021-11-25
Comprador 3,10,2021-11-25
Comprador 4,1,2021-11-25
Comprador 5,10,2021-11-25
Comprador 1,4,2021-12-02
Comprador 2,2,2021-12-02
Comprador 3,1,2021-12-02
Comprador 4,5,2021-12-02
Comprador 5,8,2021-12-02
Comprador 1,2,2021-12-09
Comprador 2,6,2021-12-09
Comprador 3,8,2021-12-09
Comprador 4,10,2021-12-09
Comprador 5,5,2021-12-09
Comprador 1,3,2021-12-16
Comprador 2,4,2021-12-16
Comprador 3,5,2021-12-16
Comprador 4,8,2021-12-16
Comprador 5,3,2021-12-16
Comprador 1,10,2021-12-23
Comprador 2,8,2021-12-23
Comprador 3,7,2021-12-23
Comprador 4,2,2021-12-23
Comprador 5,3,2021-12-23
Comprador 1,5,2021-12-30
Comprador 2,6,2021-12-30
Comprador 3,2,2021-12-30
Comprador 4,9,2021-12-30
Comprador 5,2,2021-12-30
Comprador 1,7,2022-01-06
Comprador 2,3,2022-01-06
Comprador 3,1,2022-01-06
Comprador 4,1,2022-01-06
Comprador 5,4,2022-01-06
Comprador 1,6,2022-01-13
Comprador 2,8,2022-01-13
Comprador 3,5,2022-01-13
Comprador 4,4,2022-01-13
Comprador 5,1,2022-01-13
Comprador 1,1,2022-01-20
Comprador 2,3,2022-01-20
Comprador 3,10,2022-01-20
Comprador 4,2,2022-01-20
Comprador 5,2,2022-01-20
Comprador 1,10,2022-01-27
Comprador 2,5,2022-01-27
Comprador 3,3,2022-01-27
Comprador 4,2,2022-01-27
Comprador 5,10,2022-01-27
Comprador 1,4,2022-02-03
Comprador 2,7,2022-02-03
Comprador 3,10,2022-02-03
Comprador 4,8,2022-02-03
Comprador 5,9,2022-02-03
Comprador 1,5,2022-02-10
Comprador 2,7,2022-02-10
Comprador 3,1,2022-02-10
Comprador 4,5,2022-02-10
Comprador 5,2,2022-02-10
Comprador 1,2,2022-02-17
Comprador 2,9,2022-02-17
Comprador 3,4,2022-02-17
Comprador 4,9,2022-02-17
Comprador 5,10,2022-02-17
Comprador 1,3,2022-02-24
Comprador 2,6,2022-02-24
Comprador 3,4,2022-02-24
Comprador 4,8,2022-02-24
Comprador 5,6,2022-02-24
Comprador 1,6,2022-03-03
Comprador 2,10,2022-03-03
Comprador 3,10,2022-03-03
Comprador 4,8,2022-03-03
Comprador 5,8,2022-03-03
Comprador 1,3,2022-03-10
Comprador 2,7,2022-03-10
Comprador 3,9,2022-03-10
Comprador 4,1,2022-03-10
Comprador 5,8,2022-03-10
Comprador 1,10,2022-03-17
Comprador 2,8,2022-03-17
Comprador 3,9,2022-03-17
Comprador 4,3,2022-03-17
Comprador 5,4,2022-03-17
Comprador 1,5,2022-03-24
Comprador 2,8,2022-03-24
Comprador 3,6,2022-03-24
Comprador 4,8,2022-03-24
Comprador 5,10,2022-03-24
Comprador 1,7,2022-03-31
Comprador 2,7,2022-03-31
Comprador 3,10,2022-03-31
Comprador 4,4,2022-03-31
Comprador 5,6,2022-03-31
Comprador 1,10,2022-04-07
Comprador 2,3,2022-04-07
Comprador 3,2,2022-04-07
Comprador 4,2,2022-04-07
Comprador 5,2,2022-04-07
Comprador 1,5,2022-04-14
Comprador 2,8,2022-04-14
Comprador 3,1,2022-04-14
Comprador 4,5,2022-04-14
Comprador 5,5,2022-04-14
Comprador 1,2,2022-04-21
Comprador 2,1,2022-04-21
Comprador 3,8,2022-04-21
Comprador 4,7,2022-04-21
Comprador 5,7,2022-04-21
Comprador 1,3,2022-04-28
Comprador 2,5,2022-04-28
Comprador 3,2,2022-04-28
Comprador 4,9,2022-04-28
Comprador 5,10,2022-04-28
Comprador 1,1,2022-05-05
Comprador 2,1,2022-05-05
Comprador 3,8,2022-05-05
Comprador 4,5,2022-05-05
Comprador 5,7,2022-05-05
Comprador 1,7,2022-05-12
Comprador 2,6,2022-05-12
Comprador 3,5,2022-05-12
Comprador 4,3,2022-05-12
Comprador 5,10,2022-05-12
Comprador 1,7,2022-05-19
Comprador 2,7,2022-05-19
Comprador 3,7,2022-05-19
Comprador 4,5,2022-05-19
Comprador 5,1,2022-05-19
Comprador 1,5,2022-05-26
Comprador 2,10,2022-05-26
Comprador 3,7,2022-05-26
Comprador 4,8,2022-05-26
Comprador 5,1,2022-05-26
Comprador 1,8,2022-06-02
Comprador 2,9,2022-06-02
Comprador 3,5,2022-06-02
Comprador 4,4,2022-06-02
Comprador 5,8,2022-06-02
Comprador 1,5,2022-06-09
Comprador 2,7,2022-06-09
Comprador 3,4,2022-06-09
Comprador 4,6,2022-06-09
Comprador 5,4,2022-06-09
Comprador 1,9,2022-06-16
Comprador 2,6,2022-06-16
Comprador 3,2,2022-06-16
Comprador 4,4,2022-06-16
Comprador 5,9,2022-06-16
Comprador 1,4,2022-06-23
Comprador 2,9,2022-06-23
Comprador 3,3,2022-06-23
Comprador 4,1,2022-06-23
Comprador 5,1,2022-06-23
Comprador 1,3,2022-06-30
Comprador 2,10,2022-06-30
Comprador 3,9,2022-06-30
Comprador 4,2,2022-06-30
Comprador 5,7,2022-06-30
Comprador 1,3,2022-07-07
Comprador 2,6,2022-07-07
Comprador 3,7,2022-07-07
Comprador 4,6,2022-07-07
Comprador 5,8,2022-07-07
Comprador 1,4,2022-07-14
Comprador 2,10,2022-07-14
Comprador 3,10,2022-07-14
Comprador 4,3,2022-07-14
Comprador 5,2,2022-07-14
Comprador 1,7,2022-07-21
Comprador 2,1,2022-07-21
Comprador 3,8,2022-07-21
Comprador 4,2,2022-07-21
Comprador 5,5,2022-07-21
Comprador 1,6,2022-07-28
Comprador 2,1,2022-07-28
Comprador 3,3,2022-07-28
Comprador 4,1,2022-07-28
Comprador 5,10,2022-07-28
Comprador 1,1,2022-08-04
Comprador 2,1,2022-08-04
Comprador 3,5,2022-08-04
Comprador 4,9,2022-08-04
Comprador 5,4,2022-08-04
Comprador 1,7,2022-08-11
Comprador 2,8,2022-08-11
Comprador 3,3,2022-08-11
Comprador 4,4,2022-08-11
Comprador 5,1,2022-08-11
Comprador 1,7,2022-08-18
Comprador 2,10,2022-08-18
Comprador 3,3,2022-08-18
Comprador 4,4,2022-08-18
Comprador 5,10,2022-08-18
Comprador 1,6,2022-08-25
Comprador 2,4,2022-08-25
Comprador 3,3,2022-08-25
Comprador 4,1,2022-08-25
Comprador 5,1,2022-08-25
Comprador 1,3,2022-09-01
Comprador 2,1,2022-09-01
Comprador 3,4,2022-09-01
Comprador 4,5,2022-09-01
Comprador 5,6,2022-09-01
Comprador 1,2,2022-09-08
Comprador 2,6,2022-09-08
Comprador 3,1,2022-09-08
Comprador 4,2,2022-09-08
Comprador 5,1,2022-09-08
Comprador 1,10,2022-09-15
Comprador 2,3,2022-09-15
Comprador 3,10,2022-09-15
Comprador 4,9,2022-09-15
Comprador 5,5,2022-09-15
Comprador 1,5,2022-09-22
Comprador 2,3,2022-09-22
Comprador 3,3,2022-09-22
Comprador 4,3,2022-09-22
Comprador 5,6,2022-09-22
Comprador 1,10,2022-09-29
Comprador 2,3,2022-09-29
Comprador 3,1,2022-09-29
Comprador 4,2,2022-09-29
Comprador 5,8,2022-09-29
Comprador 1,3,2022-10-06
Comprador 2,5,2022-10-06
Comprador 3,2,2022-10-06
Comprador 4,9,2022-10-06
Comprador 5,10,2022-10-06
Comprador 1,10,2022-10-13
Comprador 2,6,2022-10-13
Comprador 3,10,2022-10-13
Comprador 4,8,2022-10-13
Comprador 5,8,2022-10-13
Comprador 1,2,2022-10-20
Comprador 2,1,2022-10-20
Comprador 3,10,2022-10-20
Comprador 4,9,2022-10-20
Comprador 5,9,2022-10-20
Comprador 1,1,2022-10-27
Comprador 2,2,2022-10-27
Comprador 3,3,2022-10-27
Comprador 4,10,2022-10-27
Comprador 5,1,2022-10-27
Comprador 1,3,2022-11-03
Comprador 2,5,2022-11-03
Comprador 3,5,2022-11-03
Comprador 4,1,2022-11-03
Comprador 5,8,2022-11-03
Comprador 1,2,2022-11-10
Comprador 2,10,2022-11-10
Comprador 3,9,2022-11-10
Comprador 4,2,2022-11-10
Comprador 5,3,2022-11-10
Comprador 1,1,2022-11-17
Comprador 2,10,2022-11-17
Comprador 3,7,2022-11-17
Comprador 4,9,2022-11-17
Comprador 5,9,2022-11-17
Comprador 1,9,2022-11-24
Comprador 2,9,2022-11-24
Comprador 3,6,2022-11-24
Comprador 4,2,2022-11-24
Comprador 5,8,2022-11-24
Comprador 1,3,2022-12-01
Comprador 2,6,2022-12-01
Comprador 3,10,2022-12-01
Comprador 4,2,2022-12-01
Comprador 5,7,2022-12-01
Comprador 1,8,2022-12-08
Comprador 2,4,2022-12-08
Comprador 3,1,2022-12-08
Comprador 4,5,2022-12-08
Comprador 5,9,2022-12-08
Comprador 1,4,2022-12-15
Comprador 2,9,2022-12-15
Comprador 3,4,2022-12-15
Comprador 4,8,2022-12-15
Comprador 5,4,2022-12-15
Comprador 1,4,2022-12-22
Comprador 2,4,2022-12-22
Comprador 3,10,2022-12-22
Comprador 4,6,2022-12-22
Comprador 5,3,2022-12-22
Comprador 1,4,2022-12-29
Comprador 2,4,2022-12-29
Comprador 3,9,2022-12-29
Comprador 4,4,2022-12-29
Comprador 5,10,2022-12-29
Comprador 1,6,2023-01-05
Comprador 2,4,2023-01-05
Comprador 3,8,2023-01-05
Comprador 4,8,2023-01-05
Comprador 5,6,2023-01-05
Comprador 1,9,2023-01-12
Comprador 2,9,2023-01-12
Comprador 3,1,2023-01-12
Comprador 4,9,2023-01-12
Comprador 5,10,2023-01-12
Comprador 1,5,2023-01-19
Comprador 2,1,2023-01-19
Comprador 3,3,2023-01-19
Comprador 4,5,2023-01-19
Comprador 5,9,2023-01-19
Comprador 1,2,2023-01-26
Comprador 2,8,2023-01-26
Comprador 3,4,2023-01-26
Comprador 4,9,2023-01-26
Comprador 5,1,2023-01-26
Comprador 1,4,2023-02-02
Comprador 2,1,2023-02-02
Comprador 3,5,2023-02-02
Comprador 4,10,2023-02-02
Comprador 5,10,2023-02-02
Comprador 1,4,2023-02-09
Comprador 2,5,2023-02-09
Comprador 3,7,2023-02-09
Comprador 4,5,2023-02-09
Comprador 5,7,2023-02-09
Comprador 1,8,2023-02-16
Comprador 2,7,2023-02-16
Comprador 3,4,2023-02-16
Comprador 4,1,2023-02-16
Comprador 5,5,2023-02-16
Comprador 1,1,2023-02-23
Comprador 2,9,2023-02-23
Comprador 3,8,2023-02-23
Comprador 4,6,2023-02-23
Comprador 5,1,2023-02-23
Comprador 1,8,2023-03-02
Comprador 2,10,2023-03-02
Comprador 3,1,2023-03-02
Comprador 4,10,2023-03-02
Comprador 5,7,2023-03-02
Comprador 1,2,2023-03-09
Comprador 2,7,2023-03-09
Comprador 3,7,2023-03-09
Comprador 4,5,2023-03-09
Comprador 5,8,2023-03-09
Comprador 1,2,2023-03-09
Comprador 1,2,2023-03-11
Comprador 5,2,2023-03-11
Comprador 2,11,2023-03-12
Comprador 3,11,2023-03-12
Comprador 2,11,2023-03-11
Shiro,2,2023-03-11
Shiro,0,2023-03-11
Shiro,4,2023-03-10
Shiro,2,2023-03-12
Shiro,1,2023-03-12
